time,surface,analytic
0.0,-0.19601331556824833,-0.19601331556824833
0.025,-0.19782419601228235,-0.19782419601228235
0.05,-0.19909285408563798,-0.19909285408563798
0.07500000000000001,-0.19981581248471947,-0.19981581248471947
0.1,-0.19999108963080722,-0.19999108963080722
0.125,-0.19961820510142708,-0.19961820510142708
0.15000000000000002,-0.19869818094715525,-0.19869818094715525
0.17500000000000002,-0.1972335388902485,-0.1972335388902485
0.2,-0.19522829341277875,-0.19522829341277875
0.225,-0.19268794075321688,-0.19268794075321688
0.25,-0.189619443841625,-0.189619443841625
0.275,-0.18603121321474914,-0.18603121321474914
0.30000000000000004,-0.18193308396332275,-0.18193308396332275
0.325,-0.17733628877476648,-0.17733628877476648
0.35000000000000003,-0.1722534271451729,-0.1722534271451729
0.375,-0.1666984308449633,-0.1666984308449633
0.4,-0.16068652573287356,-0.16068652573287356
0.42500000000000004,-0.1542341900229334,-0.1542341900229334
0.45,-0.14735910911882752,-0.14735910911882752
0.47500000000000003,-0.14008012713943305,-0.14008012713943305
0.5,-0.1324171952683996,-0.1324171952683996
0.525,-0.12439131706934187,-0.12439131706934187
0.55,-0.1160244909165315,-0.1160244909165315
0.5750000000000001,-0.10733964969888239,-0.10733964969888239
0.6000000000000001,-0.09836059796249627,-0.09836059796249627
0.625,-0.08911194666405628,-0.08911194666405628
0.65,-0.07961904571390555,-0.07961904571390555
0.675,-0.069907914493705,-0.069907914493705
0.7000000000000001,-0.06000517053911675,-0.06000517053911675
0.7250000000000001,-0.049937956582989065,-0.049937956582989065
0.75,-0.039733866159012254,-0.039733866159012254
0.775,-0.02942086796976075,-0.02942086796976075
0.8,-0.019027229226423557,-0.019027229226423557
0.8250000000000001,-0.008581438170343222,-0.008581438170343222
0.8500000000000001,0.0018878740112735699,0.0018878740112735699
0.875,0.01235201166144993,0.01235201166144993
0.9,0.022782293306240105,0.022782293306240105
0.925,0.03315013026865562,0.03315013026865562
0.9500000000000001,0.0434271050282421,0.0434271050282421
0.9750000000000001,0.05358504911152723,0.05358504911152723
1.0,0.06359612029984872,0.06359612029984872
1.0250000000000001,0.07343287894294052,0.07343287894294052
1.05,0.08306836316910647,0.08306836316910647
1.075,0.092476162785837,0.092476162785837
1.1,0.10163049166831091,0.10163049166831091
1.125,0.11050625843737079,0.11050625843737079
1.1500000000000001,0.11907913523324974,0.11907913523324974
1.175,0.1273256243965434,0.1273256243965434
1.2000000000000002,0.13522312287366195,0.13522312287366195
1.225,0.14274998417022774,0.14274998417022774
1.25,0.14988557768261265,0.14988557768261265
1.2750000000000001,0.15661034524498837,0.15661034524498837
1.3,0.16290585473689914,0.16290585473689914
1.3250000000000002,0.16875485060442325,0.16875485060442325
1.35,0.17414130115644644,0.17414130115644644
1.375,0.17905044250641322,0.17905044250641322
1.4000000000000001,0.1834688190391136,0.1834688190391136
1.425,0.18738432029158902,0.18738432029158902
1.4500000000000002,0.19078621414706964,0.19078621414706964
1.475,0.19366517625096025,0.19366517625096025
1.5,0.19601331556824833,0.19601331556824833
1.5250000000000001,0.19782419601228235,0.19782419601228235
1.55,0.19909285408563798,0.19909285408563798
1.5750000000000002,0.19981581248471947,0.19981581248471947
1.6,0.19999108963080722,0.19999108963080722
1.625,0.19961820510142708,0.19961820510142708
1.6500000000000001,0.19869818094715527,0.19869818094715527
1.675,0.19723353889024853,0.19723353889024853
1.7000000000000002,0.19522829341277875,0.19522829341277875
1.725,0.1926879407532169,0.1926879407532169
1.75,0.189619443841625,0.189619443841625
1.7750000000000001,0.18603121321474914,0.18603121321474914
1.8,0.18193308396332275,0.18193308396332275
1.8250000000000002,0.17733628877476648,0.17733628877476648
1.85,0.17225342714517297,0.17225342714517297
1.875,0.16669843084496339,0.16669843084496339
1.9000000000000001,0.1606865257328736,0.1606865257328736
1.925,0.15423419002293348,0.15423419002293348
1.9500000000000002,0.14735910911882757,0.14735910911882757
1.975,0.14008012713943302,0.14008012713943302
2.0,0.13241719526839968,0.13241719526839968
2.025,0.12439131706934206,0.12439131706934206
2.0500000000000003,0.11602449091653151,0.11602449091653151
2.075,0.10733964969888253,0.10733964969888253
2.1,0.09836059796249633,0.09836059796249633
2.125,0.08911194666405642,0.08911194666405642
2.15,0.07961904571390564,0.07961904571390564
2.1750000000000003,0.06990791449370505,0.06990791449370505
2.2,0.06000517053911678,0.06000517053911678
2.225,0.04993795658298922,0.04993795658298922
2.25,0.03973386615901232,0.03973386615901232
2.275,0.029420867969760907,0.029420867969760907
2.3000000000000003,0.019027229226423494,0.019027229226423494
2.325,0.00858143817034329,0.00858143817034329
2.35,-0.0018878740112733675,-0.0018878740112733675
2.375,-0.012352011661449816,-0.012352011661449816
2.4000000000000004,-0.022782293306240035,-0.022782293306240035
2.4250000000000003,-0.033150130268655646,-0.033150130268655646
2.45,-0.043427105028241986,-0.043427105028241986
2.475,-0.053585049111527165,-0.053585049111527165
2.5,-0.06359612029984855,-0.06359612029984855
2.5250000000000004,-0.07343287894294052,-0.07343287894294052
2.5500000000000003,-0.0830683631691064,-0.0830683631691064
2.575,-0.09247616278583705,-0.09247616278583705
2.6,-0.10163049166831083,-0.10163049166831083
2.625,-0.11050625843737077,-0.11050625843737077
2.6500000000000004,-0.11907913523324971,-0.11907913523324971
2.6750000000000003,-0.12732562439654355,-0.12732562439654355
2.7,-0.13522312287366192,-0.13522312287366192
2.725,-0.14274998417022763,-0.14274998417022763
2.75,-0.14988557768261265,-0.14988557768261265
2.7750000000000004,-0.15661034524498837,-0.15661034524498837
2.8000000000000003,-0.1629058547368992,-0.1629058547368992
2.825,-0.1687548506044232,-0.1687548506044232
2.85,-0.1741413011564464,-0.1741413011564464
2.875,-0.17905044250641317,-0.17905044250641317
2.9000000000000004,-0.18346881903911366,-0.18346881903911366
2.9250000000000003,-0.18738432029158902,-0.18738432029158902
2.95,-0.19078621414706964,-0.19078621414706964
2.975,-0.19366517625096022,-0.19366517625096022
3.0,-0.1960133155682483,-0.1960133155682483
3.0250000000000004,-0.19782419601228235,-0.19782419601228235
3.0500000000000003,-0.19909285408563798,-0.19909285408563798
3.075,-0.19981581248471947,-0.19981581248471947
3.1,-0.19999108963080722,-0.19999108963080722
3.125,-0.19961820510142708,-0.19961820510142708
3.1500000000000004,-0.19869818094715527,-0.19869818094715527
3.1750000000000003,-0.1972335388902485,-0.1972335388902485
3.2,-0.19522829341277878,-0.19522829341277878
3.225,-0.1926879407532169,-0.1926879407532169
3.25,-0.18961944384162505,-0.18961944384162505
3.2750000000000004,-0.18603121321474914,-0.18603121321474914
3.3000000000000003,-0.18193308396332275,-0.18193308396332275
3.325,-0.17733628877476648,-0.17733628877476648
3.35,-0.17225342714517297,-0.17225342714517297
3.375,-0.16669843084496347,-0.16669843084496347
3.4000000000000004,-0.16068652573287356,-0.16068652573287356
3.4250000000000003,-0.15423419002293348,-0.15423419002293348
3.45,-0.14735910911882757,-0.14735910911882757
3.475,-0.14008012713943316,-0.14008012713943316
3.5,-0.1324171952683997,-0.1324171952683997
3.5250000000000004,-0.12439131706934192,-0.12439131706934192
3.5500000000000003,-0.11602449091653154,-0.11602449091653154
3.575,-0.10733964969888254,-0.10733964969888254
3.6,-0.09836059796249635,-0.09836059796249635
3.625,-0.08911194666405645,-0.08911194666405645
3.6500000000000004,-0.0796190457139055,-0.0796190457139055
3.6750000000000003,-0.06990791449370508,-0.06990791449370508
3.7,-0.06000517053911697,-0.06000517053911697
3.725,-0.049937956582989246,-0.049937956582989246
3.75,-0.03973386615901251,-0.03973386615901251
3.7750000000000004,-0.029420867969760758,-0.029420867969760758
3.8000000000000003,-0.019027229226423695,-0.019027229226423695
3.825,-0.008581438170343493,-0.008581438170343493
3.85,0.0018878740112733433,0.0018878740112733433
3.875,0.012352011661449794,0.012352011661449794
3.9000000000000004,0.022782293306240015,0.022782293306240015
3.9250000000000003,0.03315013026865579,0.03315013026865579
3.95,0.04342710502824232,0.04342710502824232
3.975,0.053585049111527144,0.053585049111527144
4.0,0.06359612029984871,0.06359612029984871
4.025,0.07343287894294051,0.07343287894294051
4.05,0.08306836316910622,0.08306836316910622
4.075,0.09247616278583719,0.09247616278583719
4.1000000000000005,0.10163049166831112,0.10163049166831112
4.125,0.11050625843737075,0.11050625843737075
4.15,0.1190791352332497,0.1190791352332497
4.175,0.12732562439654352,0.12732562439654352
4.2,0.13522312287366203,0.13522312287366203
4.2250000000000005,0.14274998417022788,0.14274998417022788
4.25,0.14988557768261263,0.14988557768261263
4.275,0.15661034524498857,0.15661034524498857
4.3,0.16290585473689917,0.16290585473689917
4.325,0.16875485060442327,0.16875485060442327
4.3500000000000005,0.1741413011564465,0.1741413011564465
4.375,0.17905044250641314,0.17905044250641314
4.4,0.18346881903911372,0.18346881903911372
4.425,0.18738432029158902,0.18738432029158902
4.45,0.19078621414706964,0.19078621414706964
4.4750000000000005,0.19366517625096025,0.19366517625096025
4.5,0.19601331556824836,0.19601331556824836
4.525,0.19782419601228238,0.19782419601228238
4.55,0.19909285408563795,0.19909285408563795
4.575,0.19981581248471947,0.19981581248471947
4.6000000000000005,0.1999910896308072,0.1999910896308072
4.625,0.19961820510142708,0.19961820510142708
4.65,0.19869818094715525,0.19869818094715525
4.675,0.19723353889024853,0.19723353889024853
4.7,0.1952282934127788,0.1952282934127788
4.7250000000000005,0.19268794075321682,0.19268794075321682
4.75,0.189619443841625,0.189619443841625
4.775,0.18603121321474914,0.18603121321474914
4.800000000000001,0.1819330839633227,0.1819330839633227
4.825,0.17733628877476643,0.17733628877476643
4.8500000000000005,0.1722534271451728,0.1722534271451728
4.875,0.16669843084496339,0.16669843084496339
4.9,0.16068652573287356,0.16068652573287356
4.925000000000001,0.15423419002293318,0.15423419002293318
4.95,0.1473591091188275,0.1473591091188275
4.9750000000000005,0.14008012713943294,0.14008012713943294
5.0,0.13241719526839973,0.13241719526839973
5.025,0.12439131706934169,0.12439131706934169
5.050000000000001,0.11602449091653128,0.11602449091653128
5.075,0.10733964969888242,0.10733964969888242
5.1000000000000005,0.09836059796249622,0.09836059796249622
5.125,0.08911194666405647,0.08911194666405647
5.15,0.07961904571390536,0.07961904571390536
5.175000000000001,0.06990791449370476,0.06990791449370476
5.2,0.06000517053911683,0.06000517053911683
5.2250000000000005,0.04993795658298909,0.04993795658298909
5.25,0.03973386615901219,0.03973386615901219
5.275,0.02942086796976061,0.02942086796976061
5.300000000000001,0.019027229226423366,0.019027229226423366
5.325,0.008581438170343339,0.008581438170343339
5.3500000000000005,-0.0018878740112738515,-0.0018878740112738515
5.375,-0.012352011661449946,-0.012352011661449946
5.4,-0.022782293306240164,-0.022782293306240164
5.425000000000001,-0.033150130268655764,-0.033150130268655764
5.45,-0.043427105028241944,-0.043427105028241944
5.4750000000000005,-0.05358504911152745,-0.05358504911152745
5.5,-0.06359612029984868,-0.06359612029984868
5.525,-0.07343287894294048,-0.07343287894294048
5.550000000000001,-0.08306836316910653,-0.08306836316910653
5.575,-0.09247616278583716,-0.09247616278583716
5.6000000000000005,-0.10163049166831109,-0.10163049166831109
5.625,-0.11050625843737072,-0.11050625843737072
5.65,-0.11907913523324967,-0.11907913523324967
5.675000000000001,-0.12732562439654377,-0.12732562439654377
5.7,-0.135223122873662,-0.135223122873662
5.7250000000000005,-0.14274998417022786,-0.14274998417022786
5.75,-0.14988557768261263,-0.14988557768261263
5.775,-0.15661034524498832,-0.15661034524498832
5.800000000000001,-0.16290585473689936,-0.16290585473689936
5.825,-0.16875485060442327,-0.16875485060442327
5.8500000000000005,-0.17414130115644647,-0.17414130115644647
5.875,-0.17905044250641314,-0.17905044250641314
5.9,-0.18346881903911372,-0.18346881903911372
5.925000000000001,-0.18738432029158913,-0.18738432029158913
5.95,-0.19078621414706964,-0.19078621414706964
5.9750000000000005,-0.19366517625096025,-0.19366517625096025
6.0,-0.19601331556824833,-0.19601331556824833
6.025,-0.19782419601228238,-0.19782419601228238
6.050000000000001,-0.199092854085638,-0.199092854085638
6.075,-0.19981581248471947,-0.19981581248471947
6.1000000000000005,-0.19999108963080722,-0.19999108963080722
6.125,-0.19961820510142708,-0.19961820510142708
6.15,-0.19869818094715525,-0.19869818094715525
6.175000000000001,-0.19723353889024847,-0.19723353889024847
6.2,-0.1952282934127788,-0.1952282934127788
6.2250000000000005,-0.19268794075321682,-0.19268794075321682
6.25,-0.189619443841625,-0.189619443841625
6.275,-0.18603121321474914,-0.18603121321474914
6.300000000000001,-0.18193308396332272,-0.18193308396332272
6.325,-0.17733628877476645,-0.17733628877476645
6.3500000000000005,-0.1722534271451728,-0.1722534271451728
6.375,-0.16669843084496339,-0.16669843084496339
6.4,-0.16068652573287356,-0.16068652573287356
6.425000000000001,-0.15423419002293343,-0.15423419002293343
6.45,-0.1473591091188275,-0.1473591091188275
6.4750000000000005,-0.14008012713943294,-0.14008012713943294
6.5,-0.13241719526839976,-0.13241719526839976
6.525,-0.12439131706934198,-0.12439131706934198
6.550000000000001,-0.11602449091653129,-0.11602449091653129
6.575,-0.10733964969888243,-0.10733964969888243
6.6000000000000005,-0.09836059796249624,-0.09836059796249624
6.625,-0.08911194666405649,-0.08911194666405649
6.65,-0.07961904571390538,-0.07961904571390538
6.675000000000001,-0.0699079144937048,-0.0699079144937048
6.7,-0.06000517053911685,-0.06000517053911685
6.7250000000000005,-0.049937956582989114,-0.049937956582989114
6.75,-0.03973386615901256,-0.03973386615901256
6.775,-0.02942086796976063,-0.02942086796976063
6.800000000000001,-0.01902722922642339,-0.01902722922642339
6.825,-0.008581438170343365,-0.008581438170343365
6.8500000000000005,0.001887874011273472,0.001887874011273472
6.875,0.01235201166144992,0.01235201166144992
6.9,0.02278229330624014,0.02278229330624014
6.925000000000001,0.03315013026865574,0.03315013026865574
6.95,0.043427105028241916,0.043427105028241916
6.9750000000000005,0.05358504911152743,0.05358504911152743
7.0,0.06359612029984867,0.06359612029984867
7.025,0.07343287894294047,0.07343287894294047
7.050000000000001,0.0830683631691065,0.0830683631691065
7.075,0.09247616278583683,0.09247616278583683
7.1000000000000005,0.10163049166831106,0.10163049166831106
7.125,0.1105062584373707,0.1105062584373707
7.15,0.11907913523324964,0.11907913523324964
7.175000000000001,0.12732562439654346,0.12732562439654346
7.2,0.135223122873662,0.135223122873662
7.2250000000000005,0.14274998417022786,0.14274998417022786
7.25,0.1498855776826126,0.1498855776826126
7.275,0.15661034524498832,0.15661034524498832
7.300000000000001,0.16290585473689934,0.16290585473689934
7.325,0.16875485060442325,0.16875485060442325
7.3500000000000005,0.17414130115644647,0.17414130115644647
7.375,0.17905044250641314,0.17905044250641314
7.4,0.18346881903911355,0.18346881903911355
7.425000000000001,0.18738432029158913,0.18738432029158913
7.45,0.19078621414706962,0.19078621414706962
7.4750000000000005,0.19366517625096025,0.19366517625096025
7.5,0.19601331556824828,0.19601331556824828
7.525,0.19782419601228238,0.19782419601228238
7.550000000000001,0.199092854085638,0.199092854085638
7.575,0.19981581248471947,0.19981581248471947
7.6000000000000005,0.19999108963080722,0.19999108963080722
7.625,0.19961820510142708,0.19961820510142708
7.65,0.1986981809471553,0.1986981809471553
7.675000000000001,0.19723353889024842,0.19723353889024842
7.7,0.1952282934127788,0.1952282934127788
7.7250000000000005,0.19268794075321694,0.19268794075321694
7.75,0.18961944384162502,0.18961944384162502
7.775,0.18603121321474914,0.18603121321474914
7.800000000000001,0.18193308396332272,0.18193308396332272
7.825,0.17733628877476645,0.17733628877476645
7.8500000000000005,0.17225342714517283,0.17225342714517283
7.875,0.1666984308449636,0.1666984308449636
7.9,0.16068652573287337,0.16068652573287337
7.925000000000001,0.1542341900229332,0.1542341900229332
7.95,0.14735910911882774,0.14735910911882774
7.9750000000000005,0.14008012713943324,0.14008012713943324
8.0,0.13241719526839976,0.13241719526839976
8.025,0.12439131706934199,0.12439131706934199
8.05,0.11602449091653161,0.11602449091653161
8.075000000000001,0.10733964969888246,0.10733964969888246
8.1,0.09836059796249688,0.09836059796249688
8.125,0.0891119466640562,0.0891119466640562
8.15,0.0796190457139054,0.0796190457139054
8.175,0.06990791449370481,0.06990791449370481
8.200000000000001,0.060005170539116526,0.060005170539116526
8.225,0.04993795658298949,0.04993795658298949
8.25,0.03973386615901259,0.03973386615901259
8.275,0.029420867969761007,0.029420867969761007
8.3,0.01902722922642377,0.01902722922642377
8.325000000000001,0.00858143817034268,0.00858143817034268
8.35,-0.0018878740112734473,-0.0018878740112734473
8.375,-0.012352011661449898,-0.012352011661449898
8.4,-0.022782293306240115,-0.022782293306240115
8.425,-0.03315013026865572,-0.03315013026865572
8.450000000000001,-0.04342710502824224,-0.04342710502824224
8.475,-0.05358504911152672,-0.05358504911152672
8.5,-0.0635961202998483,-0.0635961202998483
8.525,-0.07343287894294011,-0.07343287894294011
8.55,-0.0830683631691068,-0.0830683631691068
8.575000000000001,-0.09247616278583744,-0.09247616278583744
8.6,-0.10163049166831073,-0.10163049166831073
8.625,-0.11050625843737068,-0.11050625843737068
8.65,-0.11907913523324963,-0.11907913523324963
8.675,-0.12732562439654346,-0.12732562439654346
8.700000000000001,-0.13522312287366198,-0.13522312287366198
8.725,-0.14274998417022733,-0.14274998417022733
8.75,-0.14988557768261232,-0.14988557768261232
8.775,-0.1566103452449885,-0.1566103452449885
8.8,-0.16290585473689934,-0.16290585473689934
8.825000000000001,-0.1687548506044234,-0.1687548506044234
8.85,-0.17414130115644627,-0.17414130115644627
8.875,-0.1790504425064131,-0.1790504425064131
8.9,-0.18346881903911355,-0.18346881903911355
8.925,-0.187384320291589,-0.187384320291589
8.950000000000001,-0.19078621414706962,-0.19078621414706962
8.975,-0.19366517625096005,-0.19366517625096005
9.0,-0.19601331556824833,-0.19601331556824833
9.025,-0.19782419601228238,-0.19782419601228238
9.05,-0.199092854085638,-0.199092854085638
9.075000000000001,-0.1998158124847195,-0.1998158124847195
9.1,-0.19999108963080722,-0.19999108963080722
9.125,-0.1996182051014271,-0.1996182051014271
9.15,-0.1986981809471553,-0.1986981809471553
9.175,-0.19723353889024853,-0.19723353889024853
9.200000000000001,-0.19522829341277867,-0.19522829341277867
9.225,-0.19268794075321694,-0.19268794075321694
9.25,-0.18961944384162502,-0.18961944384162502
9.275,-0.18603121321474914,-0.18603121321474914
9.3,-0.18193308396332275,-0.18193308396332275
9.325000000000001,-0.17733628877476648,-0.17733628877476648
9.35,-0.17225342714517322,-0.17225342714517322
9.375,-0.1666984308449636,-0.1666984308449636
9.4,-0.16068652573287381,-0.16068652573287381
9.425,-0.15423419002293323,-0.15423419002293323
9.450000000000001,-0.1473591091188273,-0.1473591091188273
9.475,-0.14008012713943324,-0.14008012713943324
9.5,-0.13241719526839976,-0.13241719526839976
9.525,-0.12439131706934202,-0.12439131706934202
9.55,-0.11602449091653162,-0.11602449091653162
9.575000000000001,-0.10733964969888249,-0.10733964969888249
9.600000000000001,-0.09836059796249629,-0.09836059796249629
9.625,-0.08911194666405621,-0.08911194666405621
9.65,-0.07961904571390543,-0.07961904571390543
9.675,-0.06990791449370484,-0.06990791449370484
9.700000000000001,-0.06000517053911656,-0.06000517053911656
9.725000000000001,-0.04993795658298882,-0.04993795658298882
9.75,-0.039733866159012615,-0.039733866159012615
9.775,-0.02942086796976103,-0.02942086796976103
9.8,-0.019027229226423793,-0.019027229226423793
9.825000000000001,-0.008581438170343413,-0.008581438170343413
9.850000000000001,0.0018878740112741332,0.0018878740112741332
9.875,0.012352011661449872,0.012352011661449872
9.9,0.02278229330624009,0.02278229330624009
9.925,0.033150130268655695,0.033150130268655695
9.950000000000001,0.043427105028242215,0.043427105028242215
9.975000000000001,0.05358504911152739,0.05358504911152739
10.0,0.06359612029984828,0.06359612029984828
10.025,0.07343287894294008,0.07343287894294008
10.05,0.08306836316910678,0.08306836316910678
10.075000000000001,0.09247616278583742,0.09247616278583742
10.100000000000001,0.10163049166831134,0.10163049166831134
10.125,0.11050625843737066,0.11050625843737066
10.15,0.1190791352332496,0.1190791352332496
10.175,0.12732562439654344,0.12732562439654344
10.200000000000001,0.13522312287366198,0.13522312287366198
10.225000000000001,0.1427499841702278,0.1427499841702278
10.25,0.14988557768261232,0.14988557768261232
10.275,0.1566103452449885,0.1566103452449885
10.3,0.16290585473689934,0.16290585473689934
10.325000000000001,0.1687548506044234,0.1687548506044234
10.350000000000001,0.1741413011564466,0.1741413011564466
10.375,0.1790504425064131,0.1790504425064131
10.4,0.18346881903911352,0.18346881903911352
10.425,0.187384320291589,0.187384320291589
10.450000000000001,0.19078621414706962,0.19078621414706962
10.475000000000001,0.19366517625096025,0.19366517625096025
10.5,0.19601331556824833,0.19601331556824833
10.525,0.19782419601228238,0.19782419601228238
10.55,0.199092854085638,0.199092854085638
10.575000000000001,0.1998158124847195,0.1998158124847195
10.600000000000001,0.1999910896308072,0.1999910896308072
10.625,0.1996182051014271,0.1996182051014271
10.65,0.1986981809471553,0.1986981809471553
10.675,0.19723353889024853,0.19723353889024853
10.700000000000001,0.19522829341277867,0.19522829341277867
10.725000000000001,0.19268794075321674,0.19268794075321674
10.75,0.18961944384162502,0.18961944384162502
10.775,0.18603121321474916,0.18603121321474916
10.8,0.18193308396332275,0.18193308396332275
10.825000000000001,0.17733628877476648,0.17733628877476648
10.850000000000001,0.17225342714517286,0.17225342714517286
10.875,0.1666984308449636,0.1666984308449636
10.9,0.16068652573287384,0.16068652573287384
10.925,0.15423419002293326,0.15423419002293326
10.950000000000001,0.1473591091188273,0.1473591091188273
10.975000000000001,0.14008012713943274,0.14008012713943274
11.0,0.1324171952683998,0.1324171952683998
11.025,0.12439131706934203,0.12439131706934203
11.05,0.11602449091653165,0.11602449091653165
11.075000000000001,0.1073396496988825,0.1073396496988825
11.100000000000001,0.0983605979624963,0.0983605979624963
11.125,0.08911194666405686,0.08911194666405686
11.15,0.07961904571390545,0.07961904571390545
11.175,0.06990791449370486,0.06990791449370486
11.200000000000001,0.06000517053911658,0.06000517053911658
11.225000000000001,0.04993795658298884,0.04993795658298884
11.25,0.039733866159012636,0.039733866159012636
11.275,0.029420867969761053,0.029420867969761053
11.3,0.019027229226423817,0.019027229226423817
11.325000000000001,0.008581438170343438,0.008581438170343438
11.350000000000001,-0.001887874011274109,-0.001887874011274109
11.375,-0.012352011661449848,-0.012352011661449848
11.4,-0.022782293306240067,-0.022782293306240067
11.425,-0.033150130268655674,-0.033150130268655674
11.450000000000001,-0.043427105028242194,-0.043427105028242194
11.475000000000001,-0.053585049111527366,-0.053585049111527366
11.5,-0.06359612029984825,-0.06359612029984825
11.525,-0.07343287894294007,-0.07343287894294007
11.55,-0.08306836316910611,-0.08306836316910611
11.575000000000001,-0.0924761627858374,-0.0924761627858374
11.600000000000001,-0.10163049166831131,-0.10163049166831131
11.625,-0.11050625843737064,-0.11050625843737064
11.65,-0.1190791352332496,-0.1190791352332496
11.675,-0.1273256243965434,-0.1273256243965434
11.700000000000001,-0.13522312287366195,-0.13522312287366195
11.725000000000001,-0.1427499841702278,-0.1427499841702278
11.75,-0.14988557768261232,-0.14988557768261232
11.775,-0.15661034524498807,-0.15661034524498807
11.8,-0.1629058547368993,-0.1629058547368993
11.825000000000001,-0.1687548506044234,-0.1687548506044234
11.850000000000001,-0.1741413011564466,-0.1741413011564466
11.875,-0.1790504425064131,-0.1790504425064131
11.9,-0.18346881903911352,-0.18346881903911352
11.925,-0.187384320291589,-0.187384320291589
11.950000000000001,-0.1907862141470696,-0.1907862141470696
11.975000000000001,-0.19366517625096025,-0.19366517625096025
12.0,-0.19601331556824833,-0.19601331556824833
